A01,"INGM-IM"
A01,"INGM-OP"
A02,"INGM-IM"
A02,"INGM-OP"
A03,"INGM-IM"
A03,"INGM-OP"
AAI802,"ADM-CI"
AAI802,"ADM-TR"
ABD813,"INGINF-GD"
ABD923,"INGINF-GD"
ACB503,"INGM-IM"
ACB503,"INGM-OP"
ACR804,"INGAMB"
ADA702,"ADM-CI"
ADC403,"INGINF-AP"
ADC403,"INGINF-GD"
ADC403,"INGINF-RT"
ADC403,"INGINF-SI"
ADM350,TUR
ADM650,TUR
AEA802,"ADM-CI"
AEA802,"ADM-TR"
AEI702,"INGM-OP"
AEI712,"INGM-IM"
AEI823,"INGM-IM"
AEN902,"ADM-CI"
AEN902,"ADM-TR"
AFI503,"ADM-CI"
AFI503,"ADM-TR"
AFO903,"INGINF-SI"
AIN112,"ADM-CI"
AIN112,"ADM-TR"
AIN222,"ADM-CI"
AIN222,"ADM-TR"
AIN332,"ADM-CI"
AIN332,"ADM-TR"
ALG203,"INGINF-AP"
ALG203,"INGINF-GD"
ALG203,"INGINF-RT"
ALG203,"INGINF-SI"
ANC460,TUR
ANC560,TUR
ANC760,TUR
ANC840,TUR
ANC850,TUR
APO702,"ADM-TR"
APU702,"ADM-CI"
ARD603,"INGINF-SI"
ARH702,"INGINF-AP"
ARH702,"INGINF-GD"
ARH702,"INGINF-RT"
ARH702,"INGINF-SI"
AST704,"INGM-OP"
AUS904,"INGINF-AP"
AUS904,"INGINF-GD"
AUS904,"INGINF-RT"
AUS904,"INGINF-SI"
AUX613,"INGM-IM"
AUX724,"INGM-IM"
BDD304,"INGINF-AP"
BDD304,"INGINF-GD"
BDD304,"INGINF-RT"
BDD304,"INGINF-SI"
BIO102,"INGAMB"
BTC703,"ADM-CI"
BTC703,"ADM-TR"
CAA602,"ADM-TR"
CAL114,"INGAMB"
CAL114,"INGINF-AP"
CAL114,"INGINF-GD"
CAL114,"INGINF-RT"
CAL114,"INGINF-SI"
CAL114,"INGM-IM"
CAL114,"INGM-OP"
CAL224,"INGAMB"
CAL224,"INGINF-AP"
CAL224,"INGINF-GD"
CAL224,"INGINF-RT"
CAL224,"INGINF-SI"
CAL224,"INGM-IM"
CAL224,"INGM-OP"
CAL334,"INGAMB"
CAL334,"INGINF-AP"
CAL334,"INGINF-GD"
CAL334,"INGINF-RT"
CAL334,"INGINF-SI"
CAL334,"INGM-IM"
CAL334,"INGM-OP"
CAL444,"INGAMB"
CAL444,"INGINF-AP"
CAL444,"INGINF-GD"
CAL444,"INGINF-RT"
CAL444,"INGINF-SI"
CAL444,"INGM-IM"
CAL444,"INGM-OP"
CAL554,"INGAMB"
CAL554,"INGM-IM"
CAL554,"INGM-OP"
CAL604,"INGINF-AP"
CAL604,"INGINF-GD"
CAL604,"INGINF-RT"
CAL604,"INGINF-SI"
CAL803,"INGM-IM"
CCM803,"INGAMB"
CCV603,"ADM-CI"
CDC403,"ADM-CI"
CDC403,"ADM-TR"
CDD603,"ADM-TR"
CDS802,"ADM-CI"
CDS802,"ADM-TR"
CDT603,"ADM-TR"
CEP902,"INGINF-AP"
CEP902,"INGINF-GD"
CEP902,"INGINF-RT"
CEP902,"INGINF-SI"
CIE102,"INGINF-AP"
CIE102,"INGINF-GD"
CIE102,"INGINF-RT"
CIE102,"INGINF-SI"
CIM703,"ADM-CI"
CIN413,"ADM-CI"
CIN413,"ADM-TR"
CMA403,"INGM-IM"
CMA403,"INGM-OP"
COA703,"INGAMB"
COE690,TUR
COH603,"INGAMB"
COM170,TUR
COM414,TUR
COM803,"INGM-OP"
CON113,"ADM-CI"
CON113,"ADM-TR"
CON223,"ADM-CI"
CON223,"ADM-TR"
CON333,"ADM-CI"
CON333,"ADM-TR"
CON460,TUR
CON560,TUR
CPI903,"INGINF-AP"
CPM602,"ADM-CI"
CPM602,"ADM-TR"
CRP803,"INGINF-SI"
CSA603,"INGAMB"
CTB803,"INGINF-AP"
CTB803,"INGINF-GD"
CTB803,"INGINF-RT"
CTB803,"INGINF-SI"
CTU160,TUR
CTU260,TUR
CTU340,TUR
CTU435,TUR
CTU530,TUR
CTU640,TUR
CTU740,TUR
CYP690,TUR
DAC602,"INGINF-AP"
DAC602,"INGINF-GD"
DAC602,"INGINF-RT"
DAC602,"INGINF-SI"
DCM902,"INGINF-AP"
DCM902,"INGINF-GD"
DCM902,"INGINF-RT"
DCM902,"INGINF-SI"
DIA903,"INGAMB"
DMA302,"INGM-IM"
DMA302,"INGM-OP"
DMA702,"ADM-CI"
DMA702,"ADM-TR"
DPT102,"ADM-CI"
DPT102,"ADM-TR"
DPT102,"INGAMB"
DPT102,"INGINF-AP"
DPT102,"INGINF-GD"
DPT102,"INGINF-RT"
DPT102,"INGINF-SI"
DPT102,"INGM-IM"
DPT102,"INGM-OP"
DPT180,TUR
DSO202,"ADM-CI"
DSO202,"ADM-TR"
ECA011,"INGAMB"
ECA012,"INGAMB"
ECA013,"INGAMB"
ECA014,"INGAMB"
ECA015,"INGAMB"
ECA016,"INGAMB"
ECA017,"INGAMB"
ECA018,"INGAMB"
ECA019,"INGAMB"
ECA020,"INGAMB"
ECA021,"INGAMB"
ECA022,"INGAMB"
ECA023,"INGAMB"
ECA024,"INGAMB"
ECA025,"INGAMB"
ECA026,"INGAMB"
ECA027,"INGAMB"
ECH001,"INGAMB"
ECH002,"INGAMB"
ECH003,"INGAMB"
ECO502,"INGAMB"
ECO602,"ADM-CI"
ECO602,"ADM-TR"
EDD203,"INGINF-AP"
EDD203,"INGINF-GD"
EDD203,"INGINF-RT"
EDD203,"INGINF-SI"
EDP503,"ADM-CI"
EDP503,"ADM-TR"
EDT703,"ADM-TR"
EEM840,TUR
EIN603,"ADM-CI"
ELE603,"INGM-OP"
ELE613,"INGM-IM"
ELE723,"INGM-IM"
ELT703,"INGINF-AP"
EME803,"ADM-TR"
EOC902,"ADM-CI"
EOC902,"ADM-TR"
EPI703,"INGAMB"
EPR680,TUR
EPT602,"ADM-CI"
EST240,TUR
EST313,"ADM-CI"
EST313,"ADM-TR"
EST412,"INGAMB"
EST423,"ADM-CI"
EST423,"ADM-TR"
EST522,"INGAMB"
EST602,"INGM-IM"
EST714,"INGM-OP"
EST824,"INGM-OP"
ETP902,"INGAMB"
ETP902,"INGINF-AP"
ETP902,"INGINF-GD"
ETP902,"INGINF-RT"
ETP902,"INGINF-SI"
EYB560,TUR
EYB840,TUR
EYP503,"INGINF-AP"
EYP503,"INGINF-GD"
EYP503,"INGINF-RT"
EYP503,"INGINF-SI"
EYP503,"INGM-IM"
EYP503,"INGM-OP"
FCS603,"INGAMB"
FDD202,"ADM-CI"
FDD202,"ADM-TR"
FDD802,"INGINF-AP"
FDD802,"INGINF-GD"
FDD802,"INGINF-RT"
FDD802,"INGINF-SI"
FDM402,"ADM-CI"
FDM402,"ADM-TR"
FDR403,"INGINF-AP"
FDR403,"INGINF-GD"
FDR403,"INGINF-RT"
FDR403,"INGINF-SI"
FEP620,TUR
FEP703,"INGM-OP"
FEP713,"INGAMB"
FEP720,TUR
FEP803,"INGINF-AP"
FEP803,"INGINF-GD"
FEP803,"INGINF-RT"
FEP803,"INGINF-SI"
FEP803,"INGM-IM"
FEP823,"INGAMB"
FFC902,"ADM-CI"
FIS214,"INGAMB"
FIS214,"INGINF-AP"
FIS214,"INGINF-GD"
FIS214,"INGINF-RT"
FIS214,"INGINF-SI"
FIS214,"INGM-IM"
FIS214,"INGM-OP"
FIS324,"INGAMB"
FIS324,"INGINF-AP"
FIS324,"INGINF-GD"
FIS324,"INGINF-RT"
FIS324,"INGINF-SI"
FIS324,"INGM-IM"
FIS324,"INGM-OP"
FLU513,"INGM-IM"
FLU623,"INGM-IM"
FTB102,"INGM-IM"
FTB102,"INGM-OP"
G01,"INGM-IM"
G01,"INGM-OP"
G02,"INGM-IM"
G02,"INGM-OP"
G03,"INGM-IM"
G03,"INGM-OP"
G04,"INGM-IM"
G04,"INGM-OP"
GCO902,"ADM-CI"
GCO902,"ADM-TR"
GCT702,"ADM-CI"
GCT702,"ADM-TR"
GDP902,"ADM-CI"
GDP902,"ADM-TR"
GDT502,"INGINF-GD"
GEA713,"INGAMB"
GEA823,"INGAMB"
GEC202,"ADM-CI"
GEC202,"ADM-TR"
GED203,"INGM-IM"
GED203,"INGM-OP"
GEO104,"INGM-IM"
GEO104,"INGM-OP"
GFI702,"ADM-CI"
GFI702,"ADM-TR"
GLO902,"ADM-CI"
GLO902,"ADM-TR"
GPU902,"ADM-CI"
GPU902,"ADM-TR"
GRH502,"INGINF-AP"
GRH502,"INGINF-GD"
GRH502,"INGINF-RT"
GRH502,"INGINF-SI"
GRH902,"ADM-CI"
GRH902,"ADM-TR"
HAR460,TUR
HAR560,TUR
HAR760,TUR
HAR840,TUR
HAR850,TUR
HDA460,TUR
HDA560,TUR
HDA760,TUR
HDA840,TUR
HDA850,TUR
HID503,"INGAMB"
HTL460,TUR
HTL560,TUR
HTL760,TUR
HTL840,TUR
HYM140,TUR
HYM302,"INGAMB"
IAA102,"ADM-CI"
IAA102,"ADM-TR"
IAG460,TUR
IDO703,"ADM-CI"
IDO703,"ADM-TR"
IEN803,"INGINF-AP"
IEN803,"INGINF-GD"
IEN803,"INGINF-RT"
IEN803,"INGINF-SI"
IEP670,TUR
IEP702,"INGAMB"
IHT150,TUR
IIA203,"INGAMB"
INF102,"INGINF-AP"
INF102,"INGINF-GD"
INF102,"INGINF-RT"
INF102,"INGINF-SI"
INF112,"INGAMB"
INF130,TUR
INF222,"INGAMB"
INF230,TUR
INF333,"INGAMB"
INF412,"INGM-IM"
INF412,"INGM-OP"
INF443,"INGAMB"
INF522,"INGM-IM"
INF522,"INGM-OP"
ING113,"INGAMB"
ING113,"INGINF-AP"
ING113,"INGINF-GD"
ING113,"INGINF-RT"
ING113,"INGINF-SI"
ING113,"INGM-IM"
ING113,"INGM-OP"
ING120,TUR
ING213,"ADM-CI"
ING213,"ADM-TR"
ING220,TUR
ING223,"INGAMB"
ING223,"INGINF-AP"
ING223,"INGINF-GD"
ING223,"INGINF-RT"
ING223,"INGINF-SI"
ING223,"INGM-IM"
ING223,"INGM-OP"
ING310,TUR
ING323,"ADM-CI"
ING323,"ADM-TR"
ING333,"INGAMB"
ING333,"INGINF-AP"
ING333,"INGINF-GD"
ING333,"INGINF-RT"
ING333,"INGINF-SI"
ING333,"INGM-IM"
ING333,"INGM-OP"
ING432,TUR
ING433,"ADM-CI"
ING433,"ADM-TR"
ING443,"INGAMB"
ING443,"INGINF-AP"
ING443,"INGINF-GD"
ING443,"INGINF-RT"
ING443,"INGINF-SI"
ING443,"INGM-IM"
ING443,"INGM-OP"
ING510,TUR
ING543,"ADM-CI"
ING543,"ADM-TR"
ING553,"INGAMB"
ING553,"INGINF-AP"
ING553,"INGINF-GD"
ING553,"INGINF-RT"
ING553,"INGINF-SI"
ING553,"INGM-IM"
ING553,"INGM-OP"
ING610,TUR
ING653,"ADM-CI"
ING653,"ADM-TR"
ING663,"INGAMB"
ING663,"INGINF-AP"
ING663,"INGINF-GD"
ING663,"INGINF-RT"
ING663,"INGINF-SI"
ING663,"INGM-IM"
ING663,"INGM-OP"
ING710,TUR
ING763,"ADM-CI"
ING763,"ADM-TR"
ING773,"INGAMB"
ING773,"INGINF-AP"
ING773,"INGINF-GD"
ING773,"INGINF-RT"
ING773,"INGINF-SI"
ING773,"INGM-IM"
ING773,"INGM-OP"
ING873,"ADM-CI"
ING873,"ADM-TR"
IOP703,"INGINF-AP"
IOP703,"INGINF-GD"
IOP703,"INGINF-RT"
IOP703,"INGINF-SI"
IOP703,"INGM-OP"
ISF614,"INGINF-AP"
ISF614,"INGINF-GD"
ISF614,"INGINF-RT"
ISF614,"INGINF-SI"
ISF724,"INGINF-AP"
ISF724,"INGINF-GD"
ISF724,"INGINF-RT"
ISF724,"INGINF-SI"
ISR602,"ADM-CI"
ISR602,"ADM-TR"
ITP829,TUR
IUN102,"ADM-CI"
IUN102,"ADM-TR"
LAD502,"INGINF-AP"
LAD502,"INGINF-GD"
LAD502,"INGINF-RT"
LAD502,"INGINF-SI"
LAF312,"INGAMB"
LAF312,"INGINF-AP"
LAF312,"INGINF-GD"
LAF312,"INGINF-RT"
LAF312,"INGINF-SI"
LAF312,"INGM-IM"
LAF312,"INGM-OP"
LAF422,"INGAMB"
LAF422,"INGINF-AP"
LAF422,"INGINF-GD"
LAF422,"INGINF-RT"
LAF422,"INGINF-SI"
LAF422,"INGM-IM"
LAF422,"INGM-OP"
LAQ212,"INGAMB"
LAQ302,"INGM-IM"
LAQ302,"INGM-OP"
LAQ322,"INGAMB"
LAQ432,"INGAMB"
LAQ502,"INGAMB"
LCI803,"ADM-CI"
LEG612,"INGM-IM"
LEG612,"INGM-OP"
LEG723,"INGM-IM"
LEG823,"INGM-OP"
LEN112,"INGAMB"
LEN113,"INGINF-AP"
LEN113,"INGINF-GD"
LEN113,"INGINF-RT"
LEN113,"INGINF-SI"
LEN113,"INGM-IM"
LEN113,"INGM-OP"
LEN222,"INGAMB"
LEN223,"INGINF-AP"
LEN223,"INGINF-GD"
LEN223,"INGINF-RT"
LEN223,"INGINF-SI"
LEN223,"INGM-IM"
LEN223,"INGM-OP"
LFI402,"ADM-CI"
LFI402,"ADM-TR"
LIA812,"INGAMB"
LIA922,"INGAMB"
LIM412,"INGM-IM"
LIM412,"INGM-OP"
LIM522,"INGM-IM"
LIM522,"INGM-OP"
LIM633,"INGM-IM"
LIM743,"INGM-IM"
LME302,"ADM-CI"
LME302,"ADM-TR"
LOG103,"INGINF-AP"
LOG103,"INGINF-GD"
LOG103,"INGINF-RT"
LOG103,"INGINF-SI"
LYC102,"ADM-CI"
LYC102,"ADM-TR"
LYC110,TUR
LYC210,TUR
MAD602,"ADM-CI"
MAD602,"ADM-TR"
MAD802,"INGINF-AP"
MAD802,"INGINF-GD"
MAD802,"INGINF-RT"
MAD802,"INGINF-SI"
MAN604,"INGM-OP"
MAT114,"ADM-CI"
MAT114,"ADM-TR"
MAT224,"ADM-CI"
MAT224,"ADM-TR"
MAT302,"INGINF-AP"
MAT302,"INGINF-GD"
MAT302,"INGINF-RT"
MAT302,"INGINF-SI"
MBU602,"INGM-OP"
MDD903,"ADM-TR"
MEI212,"INGM-IM"
MEI212,"INGM-OP"
MEI322,"INGM-IM"
MEI322,"INGM-OP"
MEI512,"INGAMB"
MEI612,"INGINF-AP"
MEI612,"INGINF-GD"
MEI612,"INGINF-RT"
MEI612,"INGINF-SI"
MEI622,"INGAMB"
MEI722,"INGINF-AP"
MEI722,"INGINF-GD"
MEI722,"INGINF-RT"
MEI722,"INGINF-SI"
MEM603,"INGM-OP"
MET320,TUR
MET412,TUR
MET504,"INGM-OP"
MET613,"ADM-CI"
MET613,"ADM-TR"
MET723,"ADM-CI"
MET723,"ADM-TR"
MET803,"INGINF-AP"
MFI303,"ADM-CI"
MFI303,"ADM-TR"
MIA603,"INGAMB"
MIM803,"INGM-IM"
MOB803,"INGM-OP"
MSO403,"INGM-IM"
MSO403,"INGM-OP"
MTI603,"ADM-CI"
NAV702,"INGM-IM"
NCE613,"INGM-OP"
NCE723,"INGM-OP"
NCT820,TUR
NEL803,"INGM-OP"
NRC960,TUR
NTC503,"ADM-CI"
NYM903,"ADM-CI"
OAE202,"INGINF-AP"
OAE202,"INGINF-GD"
OAE202,"INGINF-RT"
OAE202,"INGINF-SI"
OAE302,"ADM-CI"
OAE302,"ADM-TR"
ODE360,TUR
OPT690,TUR
OTC903,"ADM-CI"
OYP502,"INGINF-AP"
OYP502,"INGINF-GD"
OYP502,"INGINF-RT"
OYP502,"INGINF-SI"
PAD502,"ADM-CI"
PAD502,"ADM-TR"
PAMC603,"INGAMB"
PAP10020,"INGINF-AP"
PAP10020,"INGINF-GD"
PAP10020,"INGINF-RT"
PAP10020,"INGINF-SI"
PAP19,"INGAMB"
PCH460,TUR
PCH560,TUR
PCH760,TUR
PCH840,TUR
PCH850,TUR
PCI803,"ADM-CI"
PDA802,"ADM-CI"
PDA802,"ADM-TR"
PDM102,"INGAMB"
PDT703,"ADM-TR"
PEN102,"INGM-IM"
PEN102,"INGM-OP"
PES802,"ADM-CI"
PES802,"ADM-TR"
PGC603,"INGINF-AP"
PIH730,TUR
PIH810,TUR
PPAB12,"INGM-IM"
PPAB12,"INGM-OP"
PPR10017,"ADM-CI"
PPR10017,"ADM-TR"
PRD802,"INGINF-AP"
PRD802,"INGINF-GD"
PRD802,"INGINF-RT"
PRD802,"INGINF-SI"
PRE603,"ADM-CI"
PRE603,"ADM-TR"
PRE803,"INGINF-AP"
PRE803,"INGINF-GD"
PRE803,"INGINF-RT"
PRE803,"INGINF-SI"
PRI703,"INGAMB"
PRO413,"INGINF-AP"
PRO413,"INGINF-GD"
PRO413,"INGINF-RT"
PRO413,"INGINF-SI"
PRO523,"INGINF-AP"
PRO523,"INGINF-GD"
PRO523,"INGINF-RT"
PRO523,"INGINF-SI"
PRO633,"INGINF-AP"
PRO633,"INGINF-GD"
PRO633,"INGINF-RT"
PRO633,"INGINF-SI"
PRO805,"INGM-IM"
PRO903,"INGINF-AP"
PRO903,"INGINF-GD"
PRO903,"INGINF-RT"
PRO903,"INGINF-SI"
PRW703,"INGINF-AP"
PRW703,"INGINF-GD"
PRW703,"INGINF-RT"
PRW703,"INGINF-SI"
PSC602,"ADM-CI"
PSC602,"ADM-TR"
PSI460,TUR
PSI560,TUR
PSI760,TUR
PUB540,TUR
QUA403,"INGAMB"
QUI113,"INGAMB"
QUI113,"INGM-IM"
QUI113,"INGM-OP"
QUI223,"INGM-IM"
QUI223,"INGM-OP"
QUI224,"INGAMB"
QUI334,"INGAMB"
RCB613,"INGINF-RT"
RCB723,"INGINF-RT"
RCI850,TUR
RCT802,"ADM-TR"
REF802,"INGM-IM"
REP270,TUR
RIB813,"INGINF-RT"
RIB923,"INGINF-RT"
RLC703,"ADM-CI"
RMM602,"INGINF-AP"
RMM602,"INGINF-GD"
RMM602,"INGINF-RT"
RMM602,"INGINF-SI"
RPV902,"INGINF-AP"
RPV902,"INGINF-GD"
RPV902,"INGINF-RT"
RPV902,"INGINF-SI"
RSP603,"INGAMB"
RYT502,"INGINF-RT"
S01,"INGM-IM"
S01,"INGM-OP"
S02,"INGM-IM"
S02,"INGM-OP"
S15/S17,"INGM-OP"
SAM802,"INGINF-AP"
SAM802,"INGINF-GD"
SAM802,"INGINF-RT"
SAM802,"INGINF-SI"
SAP502,"INGINF-AP"
SAU702,"INGINF-AP"
SAU702,"INGINF-GD"
SAU702,"INGINF-RT"
SAU702,"INGINF-SI"
SAU903,"ADM-CI"
SAU903,"ADM-TR"
SBS902,"ADM-TR"
SCP803,"ADM-CI"
SDC603,"ADM-TR"
SDI803,"ADM-CI"
SDI803,"ADM-TR"
SDS703,"INGINF-AP"
SDS703,"INGINF-GD"
SDS703,"INGINF-RT"
SDS703,"INGINF-SI"
SDT503,"ADM-TR"
SDT803,"ADM-TR"
SEG502,"ADM-CI"
SEG502,"ADM-TR"
SGD703,"INGINF-GD"
SIG902,"ADM-CI"
SIG902,"ADM-TR"
SIN703,"INGINF-SI"
SMA803,"INGM-IM"
SMA803,"INGM-OP"
SMC403,"INGAMB"
SOP513,"INGINF-AP"
SOP513,"INGINF-GD"
SOP513,"INGINF-RT"
SOP513,"INGINF-SI"
SOP623,"INGINF-AP"
SOP623,"INGINF-GD"
SOP623,"INGINF-RT"
SOP623,"INGINF-SI"
SPP750,TUR
SPT750,TUR
SPT830,TUR
SSC502,"INGINF-AP"
SSC502,"INGINF-GD"
SSC502,"INGINF-RT"
SSC502,"INGINF-SI"
SSC503,"ADM-CI"
SSC503,"ADM-TR"
SSC503,"INGM-IM"
SSC503,"INGM-OP"
SSC504,"INGAMB"
SSC550,TUR
SSC660,TUR
SSI502,"INGINF-SI"
STA902,"INGAMB"
STG802,"INGM-IM"
STG802,"INGM-OP"
STG903,"ADM-CI"
STG903,"ADM-TR"
STG903,"INGINF-AP"
STG903,"INGINF-GD"
STG903,"INGINF-RT"
STG903,"INGINF-SI"
STP903,"ADM-CI"
STP903,"ADM-TR"
TCG760,TUR
TCS603,"INGINF-GD"
TDC460,TUR
TDC560,TUR
TDC760,TUR
TDE460,TUR
TDE560,TUR
TDG414,"INGINF-AP"
TDG414,"INGINF-GD"
TDG414,"INGINF-RT"
TDG414,"INGINF-SI"
TDG524,"INGINF-AP"
TDG524,"INGINF-GD"
TDG524,"INGINF-RT"
TDG524,"INGINF-SI"
TDP902,"ADM-CI"
TDP902,"ADM-TR"
TDT802,"ADM-CI"
TDT803,"ADM-TR"
TEC303,"INGINF-AP"
TEC303,"INGINF-GD"
TEC303,"INGINF-RT"
TEC303,"INGINF-SI"
TEC413,"ADM-CI"
TEC413,"ADM-TR"
TEC523,"ADM-CI"
TEC523,"ADM-TR"
TEL690,TUR
TEL702,"ADM-TR"
TEL703,"ADM-CI"
TEL903,"INGINF-AP"
TEL903,"INGINF-GD"
TEL903,"INGINF-RT"
TEL903,"INGINF-SI"
TEP760,TUR
TEP840,TUR
TEP850,TUR
TER403,"INGM-IM"
TES760,TUR
TES840,TUR
TES850,TUR
TFG1001,"ADM-CI"
TFG1001,"ADM-TR"
TGE903,"ADM-CI"
TGE903,"ADM-TR"
TGR702,"INGINF-AP"
TGR702,"INGINF-GD"
TGR702,"INGINF-RT"
TGR702,"INGINF-SI"
TID102,"INGINF-AP"
TID102,"INGINF-GD"
TID102,"INGINF-RT"
TID102,"INGINF-SI"
TID103,"ADM-CI"
TID103,"ADM-TR"
TLP902,"INGINF-AP"
TLP902,"INGINF-GD"
TLP902,"INGINF-RT"
TLP902,"INGINF-SI"
TMA903,"ADM-TR"
TMT703,"ADM-TR"
TPT250,TUR
TPT330,TUR
TPT424,TUR
TPT520,TUR
TPT630,TUR
TRD814,"INGINF-AP"
TRD814,"INGINF-GD"
TRD814,"INGINF-RT"
TRD814,"INGINF-SI"
TRD924,"INGINF-AP"
TRD924,"INGINF-GD"
TRD924,"INGINF-RT"
TRD924,"INGINF-SI"
TYD502,"INGINF-AP"
TYD502,"INGINF-GD"
TYD502,"INGINF-RT"
TYD502,"INGINF-SI"
