LYC110,TUR
ING120,TUR
INF130,TUR
HYM140,TUR
IHT150,TUR
CTU160,TUR
COM170,TUR
DPT180,TUR
LYC210,TUR
ING220,TUR
INF230,TUR
EST240,TUR
TPT250,TUR
CTU260,TUR
REP270,TUR
ING310,TUR
MET320,TUR
TPT330,TUR
CTU340,TUR
ADM350,TUR
ODE360,TUR
ING432,TUR
MET412,TUR
TPT424,TUR
CTU435,TUR
COM414,TUR
TDC460,TUR
TDE460,TUR
HTL460,TUR
IAG460,TUR
HDA460,TUR
CON460,TUR
HAR460,TUR
PCH460,TUR
PSI460,TUR
ANC460,TUR
ING510,TUR
TPT520,TUR
CTU530,TUR
PUB540,TUR
SSC550,TUR
TDC560,TUR
TDE560,TUR
HTL560,TUR
EYB560,TUR
HAR560,TUR
CON560,TUR
HDA560,TUR
PCH560,TUR
PSI560,TUR
ANC560,TUR
ING610,TUR
FEP620,TUR
TPT630,TUR
CTU640,TUR
ADM650,TUR
SSC660,TUR
IEP670,TUR
EPR680,TUR
OPT690,TUR
TEL690,TUR
CYP690,TUR
NRC960,TUR
COE690,TUR
ING710,TUR
FEP720,TUR
PIH730,TUR
CTU740,TUR
SPT750,TUR
SPP750,TUR
TDC760,TUR
HTL760,TUR
TEP760,TUR
TCG760,TUR
HAR760,TUR
HDA760,TUR
PCH760,TUR
TES760,TUR
PSI760,TUR
ANC760,TUR
PIH810,TUR
NCT820,TUR
SPT830,TUR
EEM840,TUR
HTL840,TUR
EYB840,TUR
HAR840,TUR
HDA840,TUR
PCH840,TUR
TES840,TUR
TEP840,TUR
ANC840,TUR
RCI850,TUR
TEP850,TUR
HAR850,TUR
HDA850,TUR
PCH850,TUR
TES850,TUR
ANC850,TUR
ITP829,TUR
